,ip
0,"['171.12.113.113', '9999']"
1,"['1.198.72.46', '9999']"
2,"['182.35.86.221', '9999']"
3,"['182.35.86.65', '9999']"
4,"['27.43.190.163', '9999']"
5,"['182.35.83.201', '9999']"
6,"['182.34.34.196', '9999']"
7,"['1.197.16.88', '9999']"
8,"['60.2.44.182', '30963']"
9,"['120.83.110.234', '9999']"
10,"['182.34.34.207', '9999']"
11,"['182.35.86.45', '9999']"
12,"['120.83.121.99', '9999']"
13,"['218.73.139.6', '9999']"
14,"['120.83.100.48', '9999']"
15,"['113.124.86.61', '9999']"
16,"['120.83.105.167', '9999']"
17,"['113.121.20.254', '9999']"
18,"['115.53.36.35', '9999']"
19,"['58.253.154.99', '9999']"
20,"['113.124.87.217', '9999']"
21,"['27.43.185.36', '9999']"
22,"['182.35.85.152', '9999']"
23,"['182.34.33.31', '9999']"
24,"['123.163.97.228', '9999']"
25,"['113.124.86.151', '9999']"
26,"['120.83.109.103', '9999']"
27,"['182.35.85.217', '9999']"
28,"['120.83.107.144', '9999']"
29,"['120.83.108.200', '9999']"
30,"['49.86.181.205', '9999']"
31,"['49.86.182.235', '9999']"
32,"['117.91.131.129', '9999']"
33,"['175.150.76.87', '1133']"
34,"['106.46.111.22', '9999']"
35,"['113.103.118.212', '9999']"
36,"['1.198.109.234', '9999']"
37,"['182.96.147.126', '8118']"
38,"['1.199.31.97', '9999']"
39,"['119.254.94.71', '42788']"
40,"['1.198.72.192', '9999']"
41,"['119.33.64.147', '80']"
42,"['222.89.32.182', '9999']"
43,"['218.75.69.50', '39590']"
44,"['123.52.143.114', '9999']"
45,"['115.53.22.33', '9999']"
46,"['120.79.147.254', '9000']"
47,"['180.103.206.241', '9999']"
48,"['120.83.105.166', '9999']"
49,"['182.35.86.118', '9999']"
50,"['182.35.80.66', '9999']"
51,"['182.35.85.1', '9999']"
52,"['1.197.204.98', '9999']"
53,"['1.197.16.3', '9999']"
54,"['182.35.86.131', '9999']"
55,"['58.253.158.110', '9999']"
56,"['123.163.97.177', '9999']"
57,"['113.124.92.95', '9999']"
58,"['182.35.80.218', '9999']"
59,"['115.221.127.46', '9999']"
60,"['222.189.191.75', '9999']"
61,"['182.35.84.47', '9999']"
62,"['182.35.85.102', '9999']"
63,"['120.83.108.46', '9999']"
64,"['113.121.22.254', '9999']"
65,"['120.83.104.184', '9999']"
66,"['182.35.84.187', '9999']"
67,"['120.83.105.106', '9999']"
68,"['1.197.203.131', '9999']"
69,"['120.84.100.59', '9999']"
70,"['113.121.22.211', '9999']"
71,"['113.121.22.24', '9999']"
72,"['115.53.20.205', '9999']"
73,"['123.163.97.65', '9999']"
74,"['58.253.155.111', '9999']"
75,"['115.53.16.55', '9999']"
76,"['120.83.96.253', '9999']"
77,"['1.197.16.202', '9999']"
78,"['1.197.203.215', '9999']"
79,"['121.233.226.238', '9999']"
80,"['182.116.225.175', '9999']"
81,"['182.116.235.136', '9999']"
82,"['121.233.226.208', '9999']"
83,"['182.35.87.82', '9999']"
84,"['222.189.191.59', '9999']"
85,"['144.255.48.22', '9999']"
86,"['42.238.86.180', '9999']"
87,"['120.83.107.114', '9999']"
88,"['182.35.83.66', '9999']"
89,"['120.83.122.33', '9999']"
90,"['121.233.226.43', '9999']"
91,"['182.35.80.34', '9999']"
92,"['182.35.81.5', '9999']"
93,"['182.34.33.140', '9999']"
94,"['182.35.84.184', '9999']"
95,"['120.83.110.160', '9999']"
96,"['113.121.20.174', '9999']"
97,"['122.4.43.139', '9999']"
98,"['113.124.93.25', '9999']"
99,"['218.73.141.25', '9999']"
100,"['222.89.32.148', '9999']"
101,"['120.83.100.205', '9999']"
102,"['182.34.32.115', '9999']"
103,"['182.35.83.11', '9999']"
104,"['49.86.179.147', '9999']"
105,"['171.12.113.231', '9999']"
106,"['27.43.191.13', '9999']"
107,"['222.189.144.217', '9999']"
108,"['120.83.121.73', '808']"
109,"['222.189.190.14', '9999']"
110,"['182.35.85.120', '9999']"
111,"['182.116.227.135', '9999']"
112,"['180.119.141.239', '9999']"
113,"['183.32.224.160', '61234']"
114,"['222.189.144.163', '9999']"
115,"['120.83.106.99', '9999']"
116,"['120.83.105.64', '9999']"
117,"['222.189.144.18', '9999']"
118,"['114.230.86.3', '9999']"
119,"['117.91.232.218', '9999']"
120,"['113.124.86.190', '9999']"
121,"['222.189.144.99', '9999']"
122,"['121.233.251.179', '9999']"
123,"['1.198.73.198', '9999']"
124,"['123.188.1.79', '1133']"
125,"['123.163.96.41', '9999']"
126,"['120.83.101.111', '9999']"
127,"['182.35.82.225', '9999']"
128,"['182.35.81.144', '9999']"
129,"['182.35.84.115', '9999']"
130,"['182.35.85.79', '9999']"
131,"['60.169.115.253', '808']"
132,"['122.4.47.198', '26833']"
133,"['175.155.142.48', '1133']"
134,"['114.225.222.112', '9999']"
135,"['119.254.94.114', '45691']"
136,"['59.32.37.113', '53128']"
137,"['113.128.30.14', '61234']"
138,"['123.54.40.44', '9999']"
139,"['115.219.109.144', '61202']"
140,"['115.53.20.28', '9999']"
141,"['42.238.83.94', '9999']"
142,"['123.163.122.227', '9999']"
143,"['144.123.70.54', '9999']"
144,"['175.44.108.8', '9999']"
145,"['36.248.129.61', '9999']"
146,"['210.22.176.146', '32153']"
147,"['218.73.135.108', '9999']"
148,"['1.197.10.198', '9999']"
149,"['182.35.87.155', '9999']"
150,"['123.163.96.144', '9999']"
151,"['120.83.110.223', '9999']"
152,"['1.197.203.105', '9999']"
153,"['222.189.191.247', '9999']"
154,"['121.233.207.191', '9999']"
155,"['182.35.84.44', '9999']"
156,"['182.35.80.219', '9999']"
157,"['163.204.92.186', '9999']"
158,"['123.163.96.117', '9999']"
159,"['218.91.112.139', '9999']"
160,"['222.189.191.240', '9999']"
161,"['163.204.243.28', '9999']"
162,"['120.83.97.38', '9999']"
163,"['120.83.106.156', '9999']"
164,"['114.230.117.129', '9999']"
165,"['180.119.68.162', '9999']"
166,"['42.238.83.65', '9999']"
167,"['120.83.107.132', '9999']"
168,"['113.121.21.8', '9999']"
169,"['222.189.144.14', '9999']"
170,"['182.34.33.95', '9999']"
171,"['58.253.158.36', '9999']"
172,"['121.233.207.251', '9999']"
173,"['58.253.156.189', '9999']"
174,"['180.119.68.230', '9999']"
175,"['218.91.112.56', '9999']"
176,"['1.197.203.19', '9999']"
177,"['58.253.156.202', '9999']"
178,"['120.83.108.39', '9999']"
179,"['222.89.32.178', '9999']"
180,"['182.35.80.239', '9999']"
181,"['182.35.80.150', '9999']"
182,"['121.233.251.106', '9999']"
183,"['58.253.152.131', '9999']"
184,"['112.85.130.1', '9999']"
185,"['27.43.186.192', '9999']"
186,"['182.34.33.154', '9999']"
187,"['1.197.204.186', '9999']"
188,"['58.253.152.123', '9999']"
189,"['115.53.18.41', '9999']"
190,"['120.83.109.209', '9999']"
191,"['1.198.72.97', '9999']"
192,"['120.83.110.113', '9999']"
193,"['123.163.122.114', '9999']"
194,"['121.233.251.38', '9999']"
195,"['58.253.153.87', '9999']"
196,"['120.83.108.79', '9999']"
197,"['222.189.144.234', '9999']"
198,"['112.85.165.194', '9999']"
199,"['113.121.23.159', '9999']"
200,"['222.189.190.251', '9999']"
201,"['112.85.165.11', '9999']"
202,"['123.163.96.15', '9999']"
203,"['182.34.36.41', '9999']"
204,"['218.24.16.198', '43620']"
205,"['222.189.190.63', '9999']"
206,"['180.119.141.236', '9999']"
207,"['120.83.120.213', '9999']"
208,"['120.83.107.148', '9999']"
209,"['113.121.21.139', '9999']"
210,"['113.124.85.221', '9999']"
211,"['120.83.108.112', '9999']"
212,"['58.253.158.7', '9999']"
213,"['119.142.76.255', '9999']"
214,"['58.253.156.57', '9999']"
215,"['113.120.36.46', '9999']"
216,"['163.204.244.19', '9999']"
217,"['183.6.183.35', '8010']"
218,"['122.192.186.185', '9999']"
219,"['113.124.87.62', '9999']"
220,"['1.193.245.87', '9999']"
221,"['182.35.87.246', '9999']"
222,"['221.227.103.71', '9999']"
223,"['221.227.103.121', '9999']"
224,"['39.84.124.233', '9999']"
225,"['122.4.44.59', '9999']"
226,"['171.11.32.161', '9999']"
227,"['222.85.28.130', '40505']"
228,"['60.205.229.126', '80']"
229,"['117.91.253.204', '9999']"
230,"['113.121.46.151', '9999']"
231,"['112.87.68.71', '9999']"
232,"['58.253.153.138', '9999']"
233,"['112.87.69.41', '9999']"
234,"['1.197.204.88', '9999']"
235,"['180.119.68.45', '9999']"
236,"['182.35.82.127', '9999']"
237,"['27.43.190.86', '9999']"
238,"['182.35.84.10', '9999']"
239,"['49.86.178.14', '9999']"
240,"['120.83.107.45', '9999']"
241,"['1.198.72.141', '9999']"
242,"['1.197.203.117', '9999']"
243,"['120.83.100.117', '9999']"
244,"['222.89.32.143', '9999']"
245,"['122.4.47.168', '24595']"
246,"['114.230.86.229', '9999']"
247,"['120.83.96.34', '9999']"
248,"['182.35.83.88', '9999']"
249,"['115.53.19.208', '9999']"
250,"['113.120.38.177', '9999']"
251,"['123.163.97.145', '9999']"
252,"['58.253.157.166', '9999']"
253,"['222.189.191.203', '9999']"
254,"['222.189.190.176', '9999']"
255,"['121.233.226.77', '9999']"
256,"['58.253.157.197', '9999']"
257,"['1.197.204.77', '9999']"
258,"['123.169.35.4', '9999']"
259,"['1.197.203.84', '9999']"
260,"['117.91.232.11', '9999']"
261,"['123.163.122.76', '9999']"
262,"['117.91.133.157', '9999']"
263,"['58.253.157.237', '9999']"
264,"['182.34.34.165', '9999']"
265,"['120.83.110.248', '9999']"
266,"['117.91.131.225', '9999']"
267,"['120.83.96.100', '9999']"
268,"['49.86.183.174', '9999']"
269,"['117.91.131.182', '9999']"
270,"['222.189.191.24', '9999']"
271,"['171.13.103.150', '9999']"
272,"['121.233.251.103', '9999']"
273,"['1.198.73.46', '9999']"
274,"['49.86.180.41', '9999']"
275,"['121.233.206.41', '9999']"
276,"['58.253.156.137', '9999']"
277,"['171.13.102.28', '9999']"
278,"['123.163.97.242', '9999']"
279,"['115.53.37.119', '9999']"
280,"['1.198.73.139', '9999']"
281,"['222.189.191.207', '9999']"
282,"['218.91.112.137', '9999']"
283,"['123.163.122.41', '9999']"
284,"['120.84.102.194', '9999']"
285,"['180.119.141.142', '9999']"
286,"['123.163.97.58', '9999']"
287,"['183.15.120.88', '3128']"
288,"['1.198.72.84', '9999']"
289,"['42.238.85.53', '9999']"
290,"['123.163.96.79', '9999']"
291,"['222.189.191.8', '9999']"
292,"['115.53.18.67', '9999']"
293,"['117.91.132.142', '9999']"
294,"['120.83.106.113', '9999']"
295,"['180.119.68.89', '9999']"
296,"['113.121.22.129', '9999']"
297,"['117.91.132.121', '9999']"
298,"['1.197.204.54', '9999']"
299,"['58.253.155.49', '9999']"
300,"['123.163.97.15', '9999']"
301,"['123.163.97.16', '9999']"
302,"['123.163.97.143', '9999']"
303,"['182.34.35.144', '9999']"
304,"['120.84.100.130', '9999']"
305,"['115.221.121.72', '9999']"
306,"['1.199.31.71', '9999']"
307,"['59.33.70.244', '9999']"
308,"['113.120.63.122', '9999']"
309,"['222.95.17.190', '3128']"
310,"['123.101.231.219', '9999']"
311,"['222.95.22.185', '3128']"
312,"['175.42.128.153', '9999']"
313,"['182.35.82.226', '9999']"
314,"['123.52.152.83', '9999']"
315,"['182.35.84.242', '9999']"
316,"['122.4.29.178', '9999']"
317,"['1.197.203.70', '9999']"
318,"['180.117.250.136', '9999']"
319,"['121.233.207.151', '9999']"
320,"['113.121.21.25', '9999']"
321,"['182.35.82.14', '9999']"
322,"['115.53.21.177', '9999']"
323,"['182.35.86.125', '9999']"
324,"['114.230.117.107', '9999']"
325,"['1.198.73.99', '9999']"
326,"['121.233.251.25', '9999']"
327,"['113.121.20.166', '9999']"
328,"['49.86.177.218', '9999']"
329,"['27.43.184.187', '9999']"
330,"['121.233.251.63', '9999']"
331,"['171.11.28.5', '9999']"
332,"['121.233.226.163', '9999']"
333,"['114.230.86.144', '9999']"
334,"['222.189.144.13', '9999']"
335,"['114.230.69.54', '9999']"
336,"['113.121.23.50', '9999']"
337,"['58.253.157.252', '9999']"
338,"['113.121.21.20', '9999']"
339,"['113.124.86.65', '9999']"
340,"['117.91.232.22', '9999']"
341,"['182.35.83.58', '9999']"
342,"['218.91.112.194', '9999']"
343,"['222.189.144.76', '9999']"
344,"['115.221.124.139', '9999']"
345,"['115.53.21.83', '9999']"
346,"['120.83.108.74', '9999']"
347,"['117.91.130.111', '9999']"
348,"['1.197.203.202', '9999']"
349,"['218.91.112.17', '9999']"
350,"['113.124.92.228', '9999']"
351,"['120.83.103.17', '9999']"
352,"['113.121.22.143', '9999']"
353,"['182.35.83.39', '9999']"
354,"['117.91.133.57', '9999']"
355,"['123.163.122.132', '9999']"
356,"['58.253.155.220', '9999']"
357,"['121.233.206.126', '9999']"
358,"['123.163.96.68', '9999']"
359,"['59.32.37.152', '8010']"
360,"['1.198.72.203', '9999']"
361,"['113.124.95.137', '9999']"
362,"['120.83.104.31', '9999']"
363,"['27.43.191.67', '9999']"
364,"['58.253.156.206', '9999']"
365,"['120.83.109.16', '9999']"
366,"['180.119.141.210', '9999']"
367,"['182.35.83.255', '9999']"
368,"['120.83.109.174', '9999']"
369,"['120.83.106.3', '9999']"
370,"['49.86.178.56', '9999']"
371,"['218.91.112.98', '9999']"
372,"['121.233.207.101', '9999']"
373,"['1.197.204.150', '9999']"
374,"['144.255.246.62', '61234']"
375,"['222.189.144.208', '9999']"
376,"['120.83.99.168', '9999']"
377,"['42.238.81.154', '9999']"
378,"['120.83.104.19', '9999']"
379,"['1.198.72.181', '9999']"
380,"['222.89.32.137', '9999']"
381,"['117.91.132.143', '9999']"
382,"['120.83.102.9', '9999']"
383,"['218.27.84.219', '8118']"
384,"['182.35.86.84', '9999']"
385,"['182.34.19.141', '9999']"
386,"['1.198.110.150', '9999']"
387,"['171.13.102.236', '9999']"
388,"['182.35.85.6', '9999']"
389,"['113.121.64.31', '9999']"
390,"['113.124.85.115', '9999']"
391,"['175.42.68.170', '9999']"
392,"['175.42.122.213', '9999']"
393,"['123.163.96.104', '9999']"
394,"['175.155.142.243', '1133']"
395,"['222.89.32.185', '9999']"
396,"['123.163.122.19', '9999']"
397,"['120.83.106.61', '9999']"
398,"['120.83.106.23', '9999']"
399,"['120.83.106.243', '9999']"
400,"['120.83.102.38', '9999']"
401,"['113.121.22.20', '9999']"
402,"['120.83.104.147', '9999']"
403,"['222.89.32.153', '9999']"
404,"['112.85.167.234', '9999']"
405,"['171.12.112.194', '9999']"
406,"['119.138.225.40', '8118']"
407,"['1.198.72.66', '9999']"
408,"['1.199.30.164', '9999']"
409,"['120.83.111.117', '9999']"
410,"['1.197.10.112', '9999']"
411,"['120.83.106.237', '9999']"
412,"['120.83.100.195', '9999']"
413,"['58.253.157.98', '9999']"
414,"['115.53.18.85', '9999']"
415,"['182.35.83.29', '9999']"
416,"['121.224.130.82', '9999']"
417,"['182.35.84.193', '9999']"
418,"['120.83.110.216', '9999']"
419,"['1.199.31.129', '9999']"
420,"['120.83.105.54', '9999']"
421,"['182.35.86.197', '9999']"
422,"['58.253.158.228', '9999']"
423,"['1.197.204.219', '9999']"
424,"['1.199.30.212', '9999']"
425,"['112.85.149.119', '9999']"
426,"['120.83.103.38', '9999']"
427,"['1.198.73.57', '9999']"
428,"['1.198.73.117', '9999']"
429,"['123.163.97.19', '9999']"
430,"['120.83.120.153', '9999']"
431,"['120.83.108.136', '9999']"
432,"['222.89.32.131', '9999']"
433,"['58.253.155.6', '9999']"
434,"['1.198.72.32', '9999']"
435,"['1.197.204.198', '9999']"
436,"['182.35.81.231', '9999']"
437,"['182.35.81.174', '9999']"
438,"['180.107.248.23', '9999']"
439,"['120.83.105.34', '9999']"
440,"['113.124.86.244', '9999']"
441,"['123.163.96.88', '9999']"
442,"['120.83.110.1', '9999']"
443,"['222.89.32.181', '9999']"
444,"['27.43.190.15', '9999']"
445,"['182.122.184.202', '9999']"
446,"['27.43.187.129', '9999']"
447,"['112.85.129.176', '9999']"
448,"['1.197.203.254', '9999']"
449,"['120.83.110.163', '9999']"
450,"['182.34.20.220', '9999']"
451,"['120.83.105.25', '9999']"
452,"['222.94.212.20', '8118']"
453,"['113.124.93.225', '9999']"
454,"['122.193.245.236', '9999']"
455,"['121.233.206.111', '9999']"
456,"['113.128.24.46', '61234']"
457,"['114.230.24.175', '9999']"
458,"['1.198.72.156', '9999']"
459,"['117.91.232.166', '9999']"
460,"['123.163.97.152', '9999']"
461,"['49.86.182.232', '9999']"
462,"['120.83.97.241', '9999']"
463,"['113.121.20.42', '9999']"
464,"['222.189.144.44', '9999']"
465,"['180.119.68.178', '9999']"
466,"['1.198.108.88', '9999']"
467,"['222.184.7.206', '40908']"
468,"['113.128.121.81', '9999']"
